{
  "A": {
    "B": 0.42410333501312336,
    "C": 0.45516645107512077,
    "D": 1.0003239145947689,
    "E": 1.03850790045709,
    "F": 1.3487340897513342,
    "G": 1.3536379836506638,
    "H": 1.15336133161431,
    "I": 0.7006896593160934,
    "J": 0.69663939488123,
    "K": 1.3228176519131096,
    "L": 1.1712988150875188,
    "M": 1.0560247355584427,
    "N": 0.9983087867063695,
    "O": 1.0872058983439312,
    "P": 1.4713215577175132,
    "Q": 1.4007519167913587,
    "R": 1.380262068406955,
    "S": 1.4551446823387835
  },
  "B": {
    "A": 0.42410333501312336,
    "C": 0.14451494755236494,
    "D": 0.6927745155930483,
    "E": 0.7005425155541238,
    "F": 1.0317705984279844,
    "G": 1.036581404385289,
    "H": 0.8106811526285369,
    "I": 0.603579708718013,
    "J": 0.2725424894791425,
    "K": 0.9756528961675276,
    "L": 0.7991880778737089,
    "M": 0.6474582172954892,
    "N": 0.584244328754448,
    "O": 0.6875354528668766,
    "P": 1.0482967775887833,
    "Q": 0.976962492644847,
    "R": 0.9621603414729273,
    "S": 1.042446635556448
  },
  "C": {
    "A": 0.45516645107512077,
    "B": 0.14451494755236494,
    "D": 0.8109322253592097,
    "E": 0.8070908306106082,
    "F": 1.1400733226029507,
    "G": 1.144780041121238,
    "H": 0.9123218067364804,
    "I": 0.46138341477086564,
    "J": 0.30286240349971644,
    "K": 1.0719112472339412,
    "L": 0.8848320030476802,
    "M": 0.7033633249267359,
    "N": 0.5532984984177504,
    "O": 0.633192404741743,
    "P": 1.0627909419793062,
    "Q": 0.9734266381119712,
    "R": 0.9362781808129995,
    "S": 1.0052617848715932
  },
  "D": {
    "A": 1.0003239145947689,
    "B": 0.6927745155930483,
    "C": 0.8109322253592097,
    "E": 0.09621172506551169,
    "F": 0.34888143642234865,
    "G": 0.3537891536978011,
    "H": 0.17958817754431367,
    "I": 1.2538715957803679,
    "J": 0.576607904667058,
    "K": 0.3375837286639642,
    "L": 0.2708026928269003,
    "M": 0.40050735821912276,
    "N": 0.7462638153153899,
    "O": 0.8810795969327262,
    "P": 0.7996687520883264,
    "Q": 0.8371611928484403,
    "R": 0.9306319671069653,
    "S": 1.0394008342181558
  },
  "E": {
    "A": 1.03850790045709,
    "B": 0.7005425155541238,
    "C": 0.8070908306106082,
    "D": 0.09621172506551169,
    "F": 0.3329855714735206,
    "G": 0.3376992568892742,
    "H": 0.11485718451626568,
    "I": 1.2357335446651612,
    "J": 0.5481705945409755,
    "K": 0.2843097846209629,
    "L": 0.17808639304423107,
    "M": 0.31519114137152876,
    "N": 0.6790072082078705,
    "O": 0.8104530972184784,
    "P": 0.7035070212046197,
    "Q": 0.7432916554711653,
    "R": 0.8406741622490096,
    "S": 0.9494818548393417
  },
  "F": {
    "A": 1.3487340897513342,
    "B": 1.0317705984279844,
    "C": 1.1400733226029507,
    "D": 0.34888143642234865,
    "E": 0.3329855714735206,
    "G": 0.004907775685222893,
    "H": 0.23387867678664193,
    "I": 1.5646501849705197,
    "J": 0.8751051656701457,
    "K": 0.13914447207519215,
    "L": 0.31755953572464607,
    "M": 0.5611810752021062,
    "N": 0.9502749299991088,
    "O": 1.067730964895953,
    "P": 0.7812396091865574,
    "Q": 0.8755794520177201,
    "R": 1.0067741123327538,
    "S": 1.1104654724934717
  },
  "G": {
    "A": 1.3536379836506638,
    "B": 1.036581404385289,
    "C": 1.144780041121238,
    "D": 0.3537891536978011,
    "E": 0.3376992568892742,
    "F": 0.004907775685222893,
    "H": 0.23821421944506113,
    "I": 1.5691263976135361,
    "J": 0.8795586662929662,
    "K": 0.14057125439975166,
    "L": 0.3208676028622692,
    "M": 0.5646369825971236,
    "N": 0.953726918342275,
    "O": 1.0709171301054792,
    "P": 0.7820643568050955,
    "Q": 0.8770753129155587,
    "R": 1.0086430028864593,
    "S": 1.1121910512377158
  },
  "H": {
    "A": 1.15336133161431,
    "B": 0.8106811526285369,
    "C": 0.9123218067364804,
    "D": 0.17958817754431367,
    "E": 0.11485718451626568,
    "F": 0.23387867678664193,
    "G": 0.23821421944506113,
    "I": 1.3314346250019624,
    "J": 0.6417590705094239,
    "K": 0.16945872753004879,
    "L": 0.12535986883418807,
    "M": 0.34475061446269717,
    "N": 0.7301105005976603,
    "O": 0.8542376776357209,
    "P": 0.6644197124010763,
    "Q": 0.7263837337664266,
    "R": 0.8396573738134888,
    "S": 0.947446634561957
  },
  "I": {
    "A": 0.7006896593160934,
    "B": 0.603579708718013,
    "C": 0.46138341477086564,
    "D": 1.2538715957803679,
    "E": 1.2357335446651612,
    "F": 1.5646501849705197,
    "G": 1.5691263976135361,
    "H": 1.3314346250019624,
    "J": 0.6896805014398736,
    "K": 1.4786997538234528,
    "L": 1.280256148226362,
    "M": 1.060882449643549,
    "N": 0.7602645816977888,
    "O": 0.7544886789262212,
    "P": 1.3040496929243777,
    "Q": 1.1777824922809719,
    "R": 1.0846568409912487,
    "S": 1.1119785884995759
  },
  "J": {
    "A": 0.69663939488123,
    "B": 0.2725424894791425,
    "C": 0.30286240349971644,
    "D": 0.576607904667058,
    "E": 0.5481705945409755,
    "F": 0.8751051656701457,
    "G": 0.8795586662929662,
    "H": 0.6417590705094239,
    "I": 0.6896805014398736,
    "K": 0.7911252868342649,
    "L": 0.5959552627629686,
    "M": 0.4009436528553144,
    "N": 0.3330265124736402,
    "O": 0.45622404001334643,
    "P": 0.7768091080481337,
    "Q": 0.7049888669015699,
    "R": 0.6979894658931207,
    "S": 0.7845688111715632
  },
  "K": {
    "A": 1.3228176519131096,
    "B": 0.9756528961675276,
    "C": 1.0719112472339412,
    "D": 0.3375837286639642,
    "E": 0.2843097846209629,
    "F": 0.13914447207519215,
    "G": 0.14057125439975166,
    "H": 0.16945872753004879,
    "I": 1.4786997538234528,
    "J": 0.7911252868342649,
    "L": 0.20212699170205203,
    "M": 0.4441096709201818,
    "N": 0.830857944028129,
    "O": 0.9428197220754176,
    "P": 0.643162396302877,
    "Q": 0.7365040954346395,
    "R": 0.8686096243935544,
    "S": 0.9718178512558385
  },
  "L": {
    "A": 1.1712988150875188,
    "B": 0.7991880778737089,
    "C": 0.8848320030476802,
    "D": 0.2708026928269003,
    "E": 0.17808639304423107,
    "F": 0.31755953572464607,
    "G": 0.3208676028622692,
    "H": 0.12535986883418807,
    "I": 1.280256148226362,
    "J": 0.5959552627629686,
    "K": 0.20212699170205203,
    "M": 0.244334079403138,
    "N": 0.6331834804316462,
    "O": 0.7503638694020217,
    "P": 0.5412670891181762,
    "Q": 0.601082110643436,
    "R": 0.7161126971413521,
    "S": 0.8235099224681127
  },
  "M": {
    "A": 1.0560247355584427,
    "B": 0.6474582172954892,
    "C": 0.7033633249267359,
    "D": 0.40050735821912276,
    "E": 0.31519114137152876,
    "F": 0.5611810752021062,
    "G": 0.5646369825971236,
    "H": 0.34475061446269717,
    "I": 1.060882449643549,
    "J": 0.4009436528553144,
    "K": 0.4441096709201818,
    "L": 0.244334079403138,
    "N": 0.3890938686331222,
    "O": 0.509721304612024,
    "P": 0.45581933203338754,
    "Q": 0.45375516322210147,
    "R": 0.5322524747831348,
    "S": 0.6407127802161287
  },
  "N": {
    "A": 0.9983087867063695,
    "B": 0.584244328754448,
    "C": 0.5532984984177504,
    "D": 0.7462638153153899,
    "E": 0.6790072082078705,
    "F": 0.9502749299991088,
    "G": 0.953726918342275,
    "H": 0.7301105005976603,
    "I": 0.7602645816977888,
    "J": 0.3330265124736402,
    "K": 0.830857944028129,
    "L": 0.6331834804316462,
    "M": 0.3890938686331222,
    "O": 0.13883358718102287,
    "P": 0.5463713414029433,
    "Q": 0.4323832539406054,
    "R": 0.38313055705824783,
    "S": 0.4582783313811376
  },
  "O": {
    "A": 1.0872058983439312,
    "B": 0.6875354528668766,
    "C": 0.633192404741743,
    "D": 0.8810795969327262,
    "E": 0.8104530972184784,
    "F": 1.067730964895953,
    "G": 1.0709171301054792,
    "H": 0.8542376776357209,
    "I": 0.7544886789262212,
    "J": 0.45622404001334643,
    "K": 0.9428197220754176,
    "L": 0.7503638694020217,
    "M": 0.509721304612024,
    "N": 0.13883358718102287,
    "P": 0.5644826787345084,
    "Q": 0.4276441403818395,